Designator,Footprint,Quantity,Value,LCSC Part #
BZ1,Buzzer_12x9.5RM7.6,1,Buzzer,
"C1, C2, C3, C5, C7",C_Disc_D4.7mm_W2.5mm_P5.00mm,5,100n,
C4,CP_Radial_D7.5mm_P2.50mm,1,100uF,
C6,CP_Radial_D6.3mm_P2.50mm,1,10uF,
D1,LED_D3.0mm,1,HB,
F1,C_Disc_D4.7mm_W2.5mm_P5.00mm,1,500mA,
J1,PinHeader_1x03_P2.54mm_Vertical,1,UART,
J2,PinHeader_1x05_P2.54mm_Vertical,1,GPS,
J3,PinHeader_1x04_P2.54mm_Vertical,1,DISPLAY,
J4,PinHeader_1x04_P2.54mm_Vertical,1,SGP40,
J5,PinHeader_1x05_P2.54mm_Vertical,1,AS3935,
J6,PinHeader_2x06_P2.54mm_Vertical,1,USB-C,
Q1,TO-92_HandSolder,1,BC547,
"R1, R2, R4",R_Axial_DIN0207_L6.3mm_D2.5mm_P10.16mm_Horizontal,3,10k,
R3,R_Axial_DIN0207_L6.3mm_D2.5mm_P10.16mm_Horizontal,1,1k,
R5,R_Axial_DIN0207_L6.3mm_D2.5mm_P10.16mm_Horizontal,1,470,
"R6, R7",R_Axial_DIN0207_L6.3mm_D2.5mm_P10.16mm_Horizontal,2,5k1,
SW1,SW_PUSH_6mm_H4.3mm,1,FLASH,
U1,ESP32-WROOM-32U_mod,1,ESP32-WROOM-32U,
U2,Aosong_DHT11_5.5x12.0_P2.54mm,1,DHT11,
U3,TO-220-3_Horizontal_TabDown,1,LM1117-3.3,
